Parent ID number,ID number,Short name,Description,Description format,Scale values,Scale configuration,Rule type (optional),Rule outcome (optional),Rule config (optional),Cross-referenced competency ID numbers,Exported ID (optional),Is framework,Taxonomy
,PN LP-BUT MT2E REAL 2022,BUT M√©tiers de la Transition et de l'Efficacit√© √ânerg√©tiques - Parcours REAL,"<div class=""container text-center p-3"" style=""background: #ff0000;"">
<h2 data-line=""2""><a href=""https://www.iut.fr/bachelor-universitaire-de-technologie/metiers-de-la-transition-et-de-lefficacite-energetiques/"" target=""_blank"" rel=""noopener""><span style=""color: #ffffff;""><img style=""border-radius: 100%;"" src=""https://www.iut.fr/wp-content/themes/yootheme/cache/fa/21635-mt2e-650-650-fac740f1.webp"" alt="""" width=""404"" height=""404""></span></a></h2>
<h2 id=""BUT-M%C3%A9tiers-de-la-Transition-et-de-l%E2%80%99Efficacit%C3%A9-%C3%89nerg%C3%A9tiques"" data-line=""228""><span style=""color: #ffffff;"">BUT M&eacute;tiers de la Transition et de l&rsquo;Efficacit&eacute; &Eacute;nerg&eacute;tiques</span></h2>
<h3><span style=""color: #ffffff;"">Parcours R&eacute;alisation des installations &eacute;nerg&eacute;tiques pour le b&acirc;timent et&nbsp;l'industrie</span></h3>
<p style=""text-align: justify;""><span style=""color: #ffffff;"">Les comp&eacute;tences d&eacute;velopp&eacute;es dans le parcours REAL - R&eacute;alisation des installations &eacute;nerg&eacute;tiques pour le b&acirc;timent et<br>l&rsquo;industrie - permettent de conduire une op&eacute;ration dans le domaine de l&rsquo;&eacute;nergie c&rsquo;est-&agrave;-dire planifier et coordonner la r&eacute;alisation&nbsp;d&rsquo;installations de tous types (chauffage, ventilation, climatisation, &eacute;nergies renouvelables, r&eacute;seaux vapeur, eau surchauff&eacute;e, eau&nbsp;glac&eacute;e, conditionnement d&rsquo;air, cog&eacute;n&eacute;ration, ...) depuis la r&eacute;ponse &agrave; l&rsquo;appel d&rsquo;offre jusqu&rsquo;au parfait ach&egrave;vement des travaux.<br>Elles permettent &eacute;galement de concevoir et de dimensionner ces m&ecirc;mes installations.<br>Les secteurs d&rsquo;activit&eacute;s concern&eacute;s sont les entreprises d&rsquo;installation, les grandes entreprises du secteur de l&rsquo;&eacute;nergie, les services&nbsp;travaux des collectivit&eacute;s territoriales, ...<br>Parmi les m&eacute;tiers cibl&eacute;s (liste non exhaustive) :<br>- Charg&eacute; d&rsquo;affaires CVC (Chauffage, Ventilation, Climatisation)<br>- Charg&eacute; d&rsquo;affaires en froid industriel ou commercial<br>- Charg&eacute; d&rsquo;affaires en installations &eacute;nerg&eacute;tiques<br>- Charg&eacute; d&rsquo;affaires en &eacute;nergies renouvelables<br>- Conducteur de travaux en r&eacute;novation &eacute;nerg&eacute;tique<br>Les dispositions particuli&egrave;res concernent principalement les mises en situations professionnelles lors des Travaux Pratiques.<br>La sp&eacute;cialit&eacute; utilise souvent des installations &eacute;nerg&eacute;tiques complexes et de dimensions cons&eacute;quentes qui peuvent pr&eacute;senter&nbsp;certains dangers (&eacute;quipements sous pression du type chaufferie vapeur, machines tournantes du type turbine, ...) ainsi que&nbsp;des machines-outils.<br>Ces installations n&eacute;cessitent un encadrement renforc&eacute; soit par la mise en oeuvre de groupes de TP r&eacute;duits (6 &agrave; 8 &eacute;tudiants)&nbsp;soit par un double encadrement.<br></span></p>
<p data-line=""230""><span style=""color: #ecf0f1;""><a style=""color: #ecf0f1;"" title=""spe617_annexe18 (PDF-2.22 Mo-Nouvelle fen&ecirc;tre)"" href=""https://cache.media.education.gouv.fr/file/SP4-MESRI-26-5-2022/15/2/spe617_annexe18_1426152.pdf"" target=""_blank"" rel=""noopener"">Licence professionnelle &laquo; bachelor universitaire de technologie &raquo; m&eacute;tiers de la transition et de l&rsquo;efficacit&eacute; &eacute;nerg&eacute;tiques&nbsp;: programme national</a></span></p>
<p data-line=""4"">&nbsp;</p>
<p data-line=""4""><a href=""https://fr.wikipedia.org/wiki/Bachelor_universitaire_de_technologie"" target=""_blank"" rel=""noopener""><img src=""https://upload.wikimedia.org/wikipedia/commons/thumb/6/67/DL_02_BUT.svg/langfr-280px-DL_02_BUT.svg.png"" alt="""" width=""280"" height=""324""></a></p>
</div>",,"Not yet competent,Competent","[{""scaleid"":""2""},{""id"":1,""scaledefault"":1,""proficient"":0},{""id"":2,""scaledefault"":0,""proficient"":1}]",,,,,,1,"competency,level,practice,indicator"
,PN LP-BUT MT2E REAL 2022-C1,üî¥ Dimensionnement,"<div class=""container"" style=""border: solid 4px #f8312f; padding-top: 1em; background: linear-gradient(180deg,rgba(248,49,47,1)0%,rgba(248,49,47,0)100%);"">
<div class=""row"">
<div class=""col-md-12"">
<div class=""alert alert-info"">
<ol class=""list-group list-group-flush"">
<li class=""list-group-item list-group-item-info list-group-item-action"">
<h3>Dimensionner des installations &eacute;nerg&eacute;tiques,<br>climatiques ou frigorifiques pour le b&acirc;timent et&nbsp;l&rsquo;industrie</h3>
</li>
</ol>
</div>
<div class=""alert alert-warning"">
<h1>üî© Composantes essentielles</h1>
<ol class=""list-group list-group-flush"">
<li class=""list-group-item list-group-item-warning list-group-item-action"">En respectant le cahier des charges ainsi que le cadre normatif et r&eacute;glementaire</li>
<li class=""list-group-item list-group-item-warning list-group-item-action"">En tenant compte des contraintes &eacute;conomiques et environnementales</li>
<li class=""list-group-item list-group-item-warning list-group-item-action"">En int&eacute;grant un mode de travail collaboratif tel que le BIM dans un but d&rsquo;efficacit&eacute;</li>
<li class=""list-group-item list-group-item-warning list-group-item-action"">En interagissant efficacement avec les diff&eacute;rents acteurs internes et/ou externes associ&eacute;s au projet</li>
<li class=""list-group-item list-group-item-warning list-group-item-action"">En utilisant de fa&ccedil;on appropri&eacute;e des supports techniques tels que des logiciels de dimensionnement, de DAO, des documents techniques,&nbsp;normatifs...</li>
<li class=""list-group-item list-group-item-warning list-group-item-action"">En justifiant ses choix technico-&eacute;conomiques en interne et/ou en externe par la production de notes de calculs et autres livrables associ&eacute;s</li>
</ol>
</div>
<div class=""alert alert-danger"">
<h1>üíº Situations professionnelles</h1>
<ol class=""list-group list-group-flush"">
<li class=""list-group-item list-group-item-danger list-group-item-action"">&Eacute;tudes en efficacit&eacute; &eacute;nerg&eacute;tique</li>
<li class=""list-group-item list-group-item-danger list-group-item-action"">&Eacute;tudes en bureau d'&eacute;tudes thermiques et fluidiques</li>
<li class=""list-group-item list-group-item-danger list-group-item-action"">&Eacute;tudes en &eacute;nergies renouvelables</li>
<li class=""list-group-item list-group-item-danger list-group-item-action"">&Eacute;tudes en froid industriel et commercial</li>
<li class=""list-group-item list-group-item-danger list-group-item-action"">Assistance &agrave; ing&eacute;nieur &eacute;nerg&eacute;ticien</li>
</ol>
</div>
</div>
</div>
</div>",,,,,,,,,,
,PN LP-BUT MT2E REAL 2022-C2,üü† Optimisation,"<div class=""container"" style=""border: solid 4px #ff6723; padding-top: 1em; background: linear-gradient(180deg,rgba(255, 103, 35,1)0%,rgba(255, 103, 35,0)100%);"">
<div class=""row"">
<div class=""col-md-12"">
<div class=""alert alert-info"">
<ol class=""list-group list-group-flush"">
<li class=""list-group-item list-group-item-info list-group-item-action"">
<h3>Optimiser la performance &eacute;nerg&eacute;tique et<br>environnementale d&rsquo;un b&acirc;timent, d&rsquo;un site ou&nbsp;d&rsquo;une installation</h3>
</li>
</ol>
</div>
<div class=""alert alert-warning"">
<h1>üî© Composantes essentielles</h1>
<ol class=""list-group list-group-flush"">
<li class=""list-group-item list-group-item-warning list-group-item-action"">En respectant le cahier des charges ainsi que le cadre normatif et r&eacute;glementaire</li>
<li class=""list-group-item list-group-item-warning list-group-item-action"">En tenant compte des contraintes &eacute;conomiques et environnementales tout en promouvant les &eacute;nergies renouvelables</li>
<li class=""list-group-item list-group-item-warning list-group-item-action"">En interagissant efficacement avec les diff&eacute;rents acteurs internes et/ou externes associ&eacute;s au projet dans un but d&rsquo;efficacit&eacute;, d&rsquo;information,&nbsp;de conseil et d&rsquo;accompagnement</li>
<li class=""list-group-item list-group-item-warning list-group-item-action"">En utilisant de fa&ccedil;on appropri&eacute;e des supports techniques tels que des logiciels d&rsquo;audits, de STD, de dimensionnement, de DAO, des&nbsp;documents techniques, normatifs...</li>
<li class=""list-group-item list-group-item-warning list-group-item-action"">En justifiant ses choix technico-&eacute;conomiques en interne et/ou en externe par la production de notes de calculs et autres livrables associ&eacute;s&nbsp;tels qu&rsquo;un plan de mesurage, un rapport de diagnostic, d&rsquo;audit..</li>
</ol>
</div>
<div class=""alert alert-danger"">
<h1>üíº Situations professionnelles</h1>
<ol class=""list-group list-group-flush"">
<li class=""list-group-item list-group-item-danger list-group-item-action"">Audit &eacute;nerg&eacute;tique de b&acirc;timents, de sites</li>
<li class=""list-group-item list-group-item-danger list-group-item-action"">Audit &eacute;nerg&eacute;tique d&rsquo;utilit&eacute;s industrielles et autres installations</li>
<li class=""list-group-item list-group-item-danger list-group-item-action"">Conseil en ma&icirc;trise de l'&eacute;nergie</li>
<li class=""list-group-item list-group-item-danger list-group-item-action"">&Eacute;conomie de flux en collectivit&eacute;</li>
<li class=""list-group-item list-group-item-danger list-group-item-action"">Management de l&rsquo;&eacute;nergie pour le tertiaire</li>
<li class=""list-group-item list-group-item-danger list-group-item-action"">Management de l&rsquo;&eacute;nergie pour l&rsquo;industrie</li>
</ol>
</div>
</div>
</div>
</div>",,,,,,,,,,
,PN LP-BUT MT2E REAL 2022-C3,üü° R√©alisation,"<div class=""container"" style=""border: solid 4px #fcd53f; padding-top: 1em; background: linear-gradient(180deg,rgba(252, 213, 63,1)0%,rgba(252, 213, 63,0)100%);"">
<div class=""row"">
<div class=""col-md-12"">
<div class=""alert alert-info"">
<ol class=""list-group list-group-flush"">
<li class=""list-group-item list-group-item-info list-group-item-action"">
<h3>R&eacute;aliser des installations &eacute;nerg&eacute;tiques,<br>climatiques ou frigorifiques pour le b&acirc;timent et&nbsp;l'industrie</h3>
</li>
</ol>
</div>
<div class=""alert alert-warning"">
<h1>üî© Composantes essentielles</h1>
<ol class=""list-group list-group-flush"">
<li class=""list-group-item list-group-item-warning list-group-item-action"">En respectant le cahier des charges, le cadre normatif, r&eacute;glementaire et les r&egrave;gles QHSE</li>
<li class=""list-group-item list-group-item-warning list-group-item-action"">En interagissant efficacement avec les diff&eacute;rents acteurs internes et/ou externes associ&eacute;s au projet</li>
<li class=""list-group-item list-group-item-warning list-group-item-action"">En int&eacute;grant un mode de travail collaboratif tel que le BIM dans un but d&rsquo;efficacit&eacute;</li>
<li class=""list-group-item list-group-item-warning list-group-item-action"">En utilisant de fa&ccedil;on appropri&eacute;e des supports techniques tels que les logiciels de dimensionnement, de planification, des documents&nbsp;techniques, normatifs...</li>
<li class=""list-group-item list-group-item-warning list-group-item-action"">En justifiant ses choix technico-&eacute;conomiques en interne et/ou en externe par la production de notes de calculs et autres livrables associ&eacute;s&nbsp;tels qu&rsquo;un cahier des charges fournisseurs, une r&eacute;ponse &agrave; appel d&rsquo;offres, un GANT, un DOE,...</li>
</ol>
</div>
<div class=""alert alert-danger"">
<h1>üíº Situations professionnelles</h1>
<ol class=""list-group list-group-flush"">
<li class=""list-group-item list-group-item-danger list-group-item-action"">Conduite d'affaires en CVC</li>
<li class=""list-group-item list-group-item-danger list-group-item-action"">Conduite d&rsquo;affaires en froid industriel ou commercial</li>
<li class=""list-group-item list-group-item-danger list-group-item-action"">Conduite d&rsquo;affaires en installations &eacute;nerg&eacute;tiques</li>
<li class=""list-group-item list-group-item-danger list-group-item-action"">Conduite d'affaires en &eacute;nergies renouvelables</li>
<li class=""list-group-item list-group-item-danger list-group-item-action"">Conduite de travaux en r&eacute;novation &eacute;nerg&eacute;tique</li>
</ol>
</div>
</div>
</div>
</div>",,,,,,,,,,
,PN LP-BUT MT2E REAL 2022-C4,üü¢ Exploitation,"<div class=""container"" style=""border: solid 4px #00d26a; padding-top: 1em; background: linear-gradient(180deg,rgba(0, 210, 106,1)0%,rgba(0, 210, 106,0)100%);"">
<div class=""row"">
<div class=""col-md-12"">
<div class=""alert alert-info"">
<ol class=""list-group list-group-flush"">
<li class=""list-group-item list-group-item-info list-group-item-action"">
<h3>Exploiter des installations et plateformes d&rsquo;essais&nbsp;&eacute;nerg&eacute;tiques, climatiques ou frigorifiques pour le&nbsp;b&acirc;timent et l&rsquo;industrie</h3>
</li>
</ol>
</div>
<div class=""alert alert-warning"">
<h1>üî© Composantes essentielles</h1>
<ol class=""list-group list-group-flush"">
<li class=""list-group-item list-group-item-warning list-group-item-action"">En respectant le cahier des charges, le cadre normatif, r&eacute;glementaire et les r&egrave;gles QHSE</li>
<li class=""list-group-item list-group-item-warning list-group-item-action"">En int&eacute;grant un mode de travail collaboratif tel que le BIM dans un but d&rsquo;efficacit&eacute;</li>
<li class=""list-group-item list-group-item-warning list-group-item-action"">En interagissant efficacement avec les diff&eacute;rents acteurs internes et/ou externes concern&eacute;s par l'exploitation</li>
<li class=""list-group-item list-group-item-warning list-group-item-action"">En utilisant de fa&ccedil;on appropri&eacute;e des supports techniques tels que des logiciels de GMAO, de supervision, de planification, des documents&nbsp;techniques, normatifs...</li>
<li class=""list-group-item list-group-item-warning list-group-item-action"">En justifiant ses choix technico-&eacute;conomiques en interne et/ou en externe par la production de notes de calculs et autres livrables associ&eacute;s&nbsp;tels qu&rsquo;un plan de maintenance, un rapport d&rsquo;exploitation,...</li>
</ol>
</div>
<div class=""alert alert-danger"">
<h1>üíº Situations professionnelles</h1>
<ol class=""list-group list-group-flush"">
<li class=""list-group-item list-group-item-danger list-group-item-action"">Exploitation d'installations CVC/r&eacute;seaux de chaleur</li>
<li class=""list-group-item list-group-item-danger list-group-item-action"">Exploitation d'installations frigorifiques</li>
<li class=""list-group-item list-group-item-danger list-group-item-action"">Exploitation en &eacute;nergies renouvelables</li>
<li class=""list-group-item list-group-item-danger list-group-item-action"">Conduite d&rsquo;affaires en maintenance &eacute;nergie</li>
<li class=""list-group-item list-group-item-danger list-group-item-action"">Gestion des flux en collectivit&eacute;</li>
</ol>
</div>
</div>
</div>
</div>",,,,,,,,,,
PN LP-BUT MT2E REAL 2022-C1,PN LP-BUT MT2E REAL 2022-C1-L1,"‚≠ê Dimensionner des installations √©nerg√©tiques, climatiques ou frigorifiques √©l√©mentaires",,,,,,,,,,,
PN LP-BUT MT2E REAL 2022-C1,PN LP-BUT MT2E REAL 2022-C1-L2,"‚≠ê‚≠ê Dimensionner et chiffrer des installations √©nerg√©tiques, climatiques ou frigorifiques classiques",,,,,,,,,,,
PN LP-BUT MT2E REAL 2022-C1,PN LP-BUT MT2E REAL 2022-C1-L3,"‚≠ê‚≠ê‚≠ê Concevoir et dimensionner des installations √©nerg√©tiques, climatiques ou frigorifiques complexes",,,,,,,,,,,
PN LP-BUT MT2E REAL 2022-C2,PN LP-BUT MT2E REAL 2022-C2-L1,"‚≠ê √âvaluer l‚Äô√©tat √©nerg√©tique global d'un b√¢timent, d'une installation",,,,,,,,,,,
PN LP-BUT MT2E REAL 2022-C2,PN LP-BUT MT2E REAL 2022-C2-L2,‚≠ê‚≠ê Mettre en oeuvre un plan de mesurage et de comptage √† des fins d‚Äôoptimisation,,,,,,,,,,,
PN LP-BUT MT2E REAL 2022-C3,PN LP-BUT MT2E REAL 2022-C3-L1,‚≠ê Identifier et pr√©parer les documents techniques n√©cessaires √† la mise en oeuvre d‚Äôinstallations,<p>Identifier et pr&eacute;parer les documents<br>techniques n&eacute;cessaires &agrave; la mise<br>en oeuvre d&rsquo;installations<br>&eacute;l&eacute;mentaires</p>,,,,,,,,,,
PN LP-BUT MT2E REAL 2022-C3,PN LP-BUT MT2E REAL 2022-C3-L2,‚≠ê‚≠ê Valider les dimensionnements et pr√©parer la mise en oeuvre d‚Äôinstallations classiques,,,,,,,,,,,
PN LP-BUT MT2E REAL 2022-C3,PN LP-BUT MT2E REAL 2022-C3-L3,‚≠ê‚≠ê‚≠ê Mettre en oeuvre et int√©grer l'installation au projet global jusqu'au parfait ach√®vement,,,,,,,,,,,
PN LP-BUT MT2E REAL 2022-C4,PN LP-BUT MT2E REAL 2022-C4-L1,‚≠ê Assurer la maintenance de premier niveau des installations,,,,,,,,,,,
PN LP-BUT MT2E REAL 2022-C4,PN LP-BUT MT2E REAL 2022-C4-L2,‚≠ê‚≠ê Piloter des installations et en assurer la maintenance pr√©ventive et corrective,,,,,,,,,,,
PN LP-BUT MT2E REAL 2022-C1-L1,PN LP-BUT MT2E REAL 2022-C1-L1-P1,Analyser un syst√®me de la ressource primaire √† l‚Äô√©nergie utile,,,,,,,,,,,
PN LP-BUT MT2E REAL 2022-C1-L1,PN LP-BUT MT2E REAL 2022-C1-L1-P2,"Caract√©riser les syst√®mes de production, de distribution et d'utilisation d'√©nergie","<p>Caract&eacute;riser les syst&egrave;mes de production, de distribution et d'utilisation d'&eacute;nergie (identifier, r&eacute;pertorier et d&eacute;crire les principes et fonctions des &eacute;quipements)</p>",,,,,,,,,,
PN LP-BUT MT2E REAL 2022-C1-L1,PN LP-BUT MT2E REAL 2022-C1-L1-P3,"Quantifier les besoins et les grandeurs thermiques, hydrauliques et a√©rauliques associ√©es",,,,,,,,,,,
PN LP-BUT MT2E REAL 2022-C1-L1,PN LP-BUT MT2E REAL 2022-C1-L1-P4,R√©aliser le sch√©ma de principe d‚Äôune installation,,,,,,,,,,,
PN LP-BUT MT2E REAL 2022-C1-L1,PN LP-BUT MT2E REAL 2022-C1-L1-P5,Analyser un plan technique,,,,,,,,,,,
PN LP-BUT MT2E REAL 2022-C1-L1,PN LP-BUT MT2E REAL 2022-C1-L1-P6,"Effectuer des calculs de dimensionnement thermique, hydraulique et a√©raulique",,,,,,,,,,,
PN LP-BUT MT2E REAL 2022-C1-L2,PN LP-BUT MT2E REAL 2022-C1-L2-P1,Analyser un cahier des charges pour identifier les besoins d'un client,,,,,,,,,,,
PN LP-BUT MT2E REAL 2022-C1-L2,PN LP-BUT MT2E REAL 2022-C1-L2-P2,Quantifier les besoins √©nerg√©tiques,,,,,,,,,,,
PN LP-BUT MT2E REAL 2022-C1-L2,PN LP-BUT MT2E REAL 2022-C1-L2-P3,"Effectuer des calculs de dimensionnement thermique, hydraulique, a√©raulique, frigorifique et de clim","<p>Effectuer des calculs de dimensionnement thermique, hydraulique, a&eacute;raulique, frigorifique et de climatisation</p>",,,,,,,,,,
PN LP-BUT MT2E REAL 2022-C1-L2,PN LP-BUT MT2E REAL 2022-C1-L2-P4,S√©lectionner les √©quipements adapt√©s aux diff√©rentes installations,,,,,,,,,,,
PN LP-BUT MT2E REAL 2022-C1-L2,PN LP-BUT MT2E REAL 2022-C1-L2-P5,R√©aliser le sch√©ma de principe d‚Äôune installation,,,,,,,,,,,
PN LP-BUT MT2E REAL 2022-C1-L2,PN LP-BUT MT2E REAL 2022-C1-L2-P6,R√©aliser des plans d‚Äôimplantation et de distribution en int√©grant les contraintes de maintenance,,,,,,,,,,,
PN LP-BUT MT2E REAL 2022-C1-L2,PN LP-BUT MT2E REAL 2022-C1-L2-P7,√âtablir des devis quantitatifs et estimatifs,,,,,,,,,,,
PN LP-BUT MT2E REAL 2022-C1-L3,PN LP-BUT MT2E REAL 2022-C1-L3-P1,Concevoir un syst√®me √† partir d'une analyse multicrit√®res,"<p>Concevoir un syst&egrave;me &agrave; partir d'une analyse multicrit&egrave;res (techniques, de performance, environnementaux et &eacute;conomiques)</p>",,,,,,,,,,
PN LP-BUT MT2E REAL 2022-C1-L3,PN LP-BUT MT2E REAL 2022-C1-L3-P2,Proposer diff√©rentes solutions techniques en promouvant des solutions alternatives et innovantes,,,,,,,,,,,
PN LP-BUT MT2E REAL 2022-C1-L3,PN LP-BUT MT2E REAL 2022-C1-L3-P3,"Effectuer des calculs de dimensionnement thermique, hydraulique, a√©raulique, frigorifique et de clim","<p>Effectuer des calculs de dimensionnement thermique, hydraulique, a&eacute;raulique, frigorifique et de climatisation</p>",,,,,,,,,,
PN LP-BUT MT2E REAL 2022-C1-L3,PN LP-BUT MT2E REAL 2022-C1-L3-P4,S√©lectionner les √©quipements adapt√©s aux diff√©rentes installations,,,,,,,,,,,
PN LP-BUT MT2E REAL 2022-C1-L3,PN LP-BUT MT2E REAL 2022-C1-L3-P5,Concevoir le sch√©ma de principe d‚Äôune installation,,,,,,,,,,,
PN LP-BUT MT2E REAL 2022-C1-L3,PN LP-BUT MT2E REAL 2022-C1-L3-P6,R√©aliser des plans d‚Äôimplantation et de distribution en int√©grant les contraintes de maintenance,,,,,,,,,,,
PN LP-BUT MT2E REAL 2022-C1-L3,PN LP-BUT MT2E REAL 2022-C1-L3-P7,Estimer le co√ªt global d‚Äôun projet et le temps de retour sur investissement,,,,,,,,,,,
PN LP-BUT MT2E REAL 2022-C2-L1,PN LP-BUT MT2E REAL 2022-C2-L1-P1,Analyser des plans et des documents techniques de b√¢timents et d'installations,,,,,,,,,,,
PN LP-BUT MT2E REAL 2022-C2-L1,PN LP-BUT MT2E REAL 2022-C2-L1-P2,Identifier les √©quipements √©nerg√©tiques li√©s √† ces b√¢timents et installations,,,,,,,,,,,
PN LP-BUT MT2E REAL 2022-C2-L1,PN LP-BUT MT2E REAL 2022-C2-L1-P3,"Analyser des factures, des relev√©s de consommation et des contrats de fournisseurs d'√©nergie","<p>Analyser des factures, des relev&eacute;s de consommation &eacute;nerg&eacute;tiques et des contrats de fournisseurs d'&eacute;nergie</p>",,,,,,,,,,
PN LP-BUT MT2E REAL 2022-C2-L1,PN LP-BUT MT2E REAL 2022-C2-L1-P4,Entreprendre des mesures simples pour compl√©ter les donn√©es existantes,,,,,,,,,,,
PN LP-BUT MT2E REAL 2022-C2-L1,PN LP-BUT MT2E REAL 2022-C2-L1-P5,Identifier la r√©partition des consommations √©nerg√©tiques par usage et par type d‚Äô√©nergie,,,,,,,,,,,
PN LP-BUT MT2E REAL 2022-C2-L1,PN LP-BUT MT2E REAL 2022-C2-L1-P6,√âtablir une cartographie des flux √©nerg√©tiques et un bilan √©nerg√©tique simplifi√© de l‚Äôobjet √©tudi√©,,,,,,,,,,,
PN LP-BUT MT2E REAL 2022-C2-L1,PN LP-BUT MT2E REAL 2022-C2-L1-P7,Estimer le co√ªt de l‚Äô√©nergie consomm√©e et sa projection en fonction de l‚Äô√©volution des tarifs,,,,,,,,,,,
PN LP-BUT MT2E REAL 2022-C2-L2,PN LP-BUT MT2E REAL 2022-C2-L2-P1,D√©finir un plan de mesurage et de comptage en vue de l‚Äôam√©lioration de l‚Äôefficacit√© √©nerg√©tique,"<p>D&eacute;finir un plan de mesurage et de comptage en vue de l&rsquo;am&eacute;lioration de l&rsquo;efficacit&eacute; &eacute;nerg&eacute;tique d&rsquo;un b&acirc;timent, d&rsquo;une installation</p>",,,,,,,,,,
PN LP-BUT MT2E REAL 2022-C2-L2,PN LP-BUT MT2E REAL 2022-C2-L2-P2,Mettre en oeuvre l‚Äôappareillage de mesure,,,,,,,,,,,
PN LP-BUT MT2E REAL 2022-C2-L2,PN LP-BUT MT2E REAL 2022-C2-L2-P3,R√©aliser des mesures,,,,,,,,,,,
PN LP-BUT MT2E REAL 2022-C2-L2,PN LP-BUT MT2E REAL 2022-C2-L2-P4,Exploiter des donn√©es,,,,,,,,,,,
PN LP-BUT MT2E REAL 2022-C2-L2,PN LP-BUT MT2E REAL 2022-C2-L2-P5,Analyser des donn√©es,,,,,,,,,,,
PN LP-BUT MT2E REAL 2022-C2-L2,PN LP-BUT MT2E REAL 2022-C2-L2-P6,"Confronter une analyse de donn√©es aux r√©f√©rences th√©oriques, normatives et r√©glementaires",,,,,,,,,,,
PN LP-BUT MT2E REAL 2022-C3-L1,PN LP-BUT MT2E REAL 2022-C3-L1-P1,Extraire des informations d‚Äôun cahier des charges pour identifier les besoins d'un client,,,,,,,,,,,
PN LP-BUT MT2E REAL 2022-C3-L1,PN LP-BUT MT2E REAL 2022-C3-L1-P2,"Analyser un plan technique, un sch√©ma de principe",,,,,,,,,,,
PN LP-BUT MT2E REAL 2022-C3-L1,PN LP-BUT MT2E REAL 2022-C3-L1-P3,R√©aliser les m√©tr√©s et quantifier les besoins en fournitures,,,,,,,,,,,
PN LP-BUT MT2E REAL 2022-C3-L1,PN LP-BUT MT2E REAL 2022-C3-L1-P4,"V√©rifier le dimensionnement des √©quipements thermiques, hydrauliques et a√©rauliques","<p>V&eacute;rifier le dimensionnement (notes de calculs) des &eacute;quipements thermiques, hydrauliques et a&eacute;rauliques</p>",,,,,,,,,,
PN LP-BUT MT2E REAL 2022-C3-L1,PN LP-BUT MT2E REAL 2022-C3-L1-P5,D√©terminer les besoins en √©quipements et fournitures,,,,,,,,,,,
PN LP-BUT MT2E REAL 2022-C3-L1,PN LP-BUT MT2E REAL 2022-C3-L1-P6,"R√©aliser le sch√©ma de principe d‚Äôune installation simple, les plans d‚Äôex√©cution, de r√©servation...","<p>R&eacute;aliser le sch&eacute;ma de principe d&rsquo;une installation simple, les plans d&rsquo;ex&eacute;cution, de r&eacute;servation et d&rsquo;incorporation</p>",,,,,,,,,,
PN LP-BUT MT2E REAL 2022-C3-L1,PN LP-BUT MT2E REAL 2022-C3-L1-P7,Consulter des fournisseurs,,,,,,,,,,,
PN LP-BUT MT2E REAL 2022-C3-L2,PN LP-BUT MT2E REAL 2022-C3-L2-P1,Analyser un cahier des charges pour identifier les besoins d'un client,,,,,,,,,,,
PN LP-BUT MT2E REAL 2022-C3-L2,PN LP-BUT MT2E REAL 2022-C3-L2-P2,Analyser les choix techniques pr√©sent√©s dans le cahier des charges,,,,,,,,,,,
PN LP-BUT MT2E REAL 2022-C3-L2,PN LP-BUT MT2E REAL 2022-C3-L2-P3,R√©aliser le sch√©ma de principe d‚Äôune installation,,,,,,,,,,,
PN LP-BUT MT2E REAL 2022-C3-L2,PN LP-BUT MT2E REAL 2022-C3-L2-P4,"V√©rifier le dimensionnement des √©quipements thermiques, hydrauliques, a√©rauliques, frigorifiques...","<p>V&eacute;rifier le dimensionnement (notes de calculs) des &eacute;quipements thermiques, hydrauliques, a&eacute;rauliques, frigorifiques et de climatisation</p>",,,,,,,,,,
PN LP-BUT MT2E REAL 2022-C3-L2,PN LP-BUT MT2E REAL 2022-C3-L2-P5,Analyser et comparer les offres des fournisseurs,,,,,,,,,,,
PN LP-BUT MT2E REAL 2022-C3-L2,PN LP-BUT MT2E REAL 2022-C3-L2-P6,Produire une offre de prix (DPGF),,,,,,,,,,,
PN LP-BUT MT2E REAL 2022-C3-L2,PN LP-BUT MT2E REAL 2022-C3-L2-P7,√âtablir un planning dans un projet global,,,,,,,,,,,
PN LP-BUT MT2E REAL 2022-C3-L3,PN LP-BUT MT2E REAL 2022-C3-L3-P1,Pr√©parer un appel d‚Äôoffres ou une r√©ponse √† un appel d‚Äôoffres et/ou une proposition commerciale,"<p>Pr&eacute;parer un appel d&rsquo;offres ou une r&eacute;ponse &agrave; un appel d&rsquo;offres et/ou une proposition commerciale (chiffrage, co&ucirc;t global, rentabilit&eacute;)</p>",,,,,,,,,,
PN LP-BUT MT2E REAL 2022-C3-L3,PN LP-BUT MT2E REAL 2022-C3-L3-P2,Proposer des solutions techniques en tant que client ou fournisseur/prestataire,,,,,,,,,,,
PN LP-BUT MT2E REAL 2022-C3-L3,PN LP-BUT MT2E REAL 2022-C3-L3-P3,N√©gocier une offre commerciale suite √† un appel d‚Äôoffre ou une consultation,,,,,,,,,,,
PN LP-BUT MT2E REAL 2022-C3-L3,PN LP-BUT MT2E REAL 2022-C3-L3-P4,"Planifier, contr√¥ler et r√©ajuster l‚Äôactivit√© des intervenants pour respecter les d√©lais, les co√ªts e",,,,,,,,,,,
PN LP-BUT MT2E REAL 2022-C3-L3,PN LP-BUT MT2E REAL 2022-C3-L3-P5,Produire le PPSPS (Plan Particulier de S√©curit√© et de Protection de la Sant√©),,,,,,,,,,,
PN LP-BUT MT2E REAL 2022-C3-L3,PN LP-BUT MT2E REAL 2022-C3-L3-P6,G√©rer les relations avec les √©quipes,,,,,,,,,,,
PN LP-BUT MT2E REAL 2022-C4-L1,PN LP-BUT MT2E REAL 2022-C4-L1-P1,"Analyser un sch√©ma de principe, un plan technique",,,,,,,,,,,
PN LP-BUT MT2E REAL 2022-C4-L1,PN LP-BUT MT2E REAL 2022-C4-L1-P2,Identifier les diff√©rents composants d'une installation (en particulier les √©l√©ments de s√©curit√©),,,,,,,,,,,
PN LP-BUT MT2E REAL 2022-C4-L1,PN LP-BUT MT2E REAL 2022-C4-L1-P3,R√©aliser le sch√©ma de principe d‚Äôune installation √©l√©mentaire,,,,,,,,,,,
PN LP-BUT MT2E REAL 2022-C4-L1,PN LP-BUT MT2E REAL 2022-C4-L1-P4,Effectuer des mesures pour observer le comportement d‚Äôune installation,<p>Effectuer des mesures pour observer le comportement d&rsquo;une installation et assurer le suivi de ses consommations</p>,,,,,,,,,,
PN LP-BUT MT2E REAL 2022-C4-L1,PN LP-BUT MT2E REAL 2022-C4-L1-P5,Suivre une proc√©dure d‚Äôintervention,"<p>Suivre une proc&eacute;dure d&rsquo;intervention (d&eacute;montage - remontage, mise en service, remplacement d&rsquo;un mat&eacute;riel &hellip;)</p>",,,,,,,,,,
PN LP-BUT MT2E REAL 2022-C4-L1,PN LP-BUT MT2E REAL 2022-C4-L1-P6,Manipuler correctement et en s√©curit√© des outils m√©caniques,"<p>Manipuler correctement et en s&eacute;curit&eacute; des outils m&eacute;caniques (outillage de base, outils &eacute;lectro-portatifs,&hellip;)</p>",,,,,,,,,,
PN LP-BUT MT2E REAL 2022-C4-L2,PN LP-BUT MT2E REAL 2022-C4-L2-P1,Identifier et diagnostiquer des dysfonctionnements et/ou pannes sur une installation,,,,,,,,,,,
PN LP-BUT MT2E REAL 2022-C4-L2,PN LP-BUT MT2E REAL 2022-C4-L2-P2,R√©aliser les interventions de maintenance corrective ou pr√©ventive sur des installations par r√©glage,"<p>R&eacute;aliser les interventions de maintenance corrective ou pr&eacute;ventive sur des installations par r&eacute;glage et/ou &eacute;change standard des &eacute;l&eacute;ments pr&eacute;vus &agrave; cet effet, conform&eacute;ment &agrave; des<br>r&eacute;f&eacute;rentiels du type QHSE</p>",,,,,,,,,,
PN LP-BUT MT2E REAL 2022-C4-L2,PN LP-BUT MT2E REAL 2022-C4-L2-P3,R√©aliser les op√©rations de pilotage des installations,<p>R&eacute;aliser les op&eacute;rations de pilotage des installations (actions sur les programmes des automates et les consignes de r&eacute;gulation) dans un objectif d&rsquo;optimisation</p>,,,,,,,,,,
PN LP-BUT MT2E REAL 2022-C4-L2,PN LP-BUT MT2E REAL 2022-C4-L2-P4,Suivre et analyser les consommations des installations,,,,,,,,,,,